Timestamp,"If you draw a random item from the vase, it is  _______ that it will be red.","If you draw a random item from the vase, it is _______ that it will be black.","If you draw a random item from the vase, it is _______ that it will be red.","If you draw a random item from the vase, it is _______ that it will be black.","If you draw a random item from the vase, it is _______ that it will be black.","If you draw a random item from the vase, it is _______ that it will be red.","If you draw a random item from the vase, it is _______ that it will be black.","If you draw a random item from the vase, it is _______ that it will be black.","If you draw a random item from the vase, it is _______ that it will be red.","If you draw a random item from the vase, it is _______ that it will be black.","If you draw a random item from the vase, it is _______ that it will be red.","If you draw a random item from the vase, it is _______ that it will be black.","If you draw a random item from the vase, it is _______ that it will be red.","If you draw a random item from the vase, it is _______ that it will be red.","If you draw a random item from the vase, it is _______ that it will be black.","""If you draw a random item from the vase, it is _______ that it is red"".","""If you draw a random item from the vase and someone tells you that it is not blue, it is _______ that it is red"".","""If you draw a random item from the vase, it is _______ that it is not red"".","""If you draw a random item from the vase and someone tells you that it is not black, it is _______ that it is blue"".","""If you draw a random item from the vase, it is _______ that it is not blue"".","""If you draw a random item from the vase and someone tells you that it is not red, it is _______ that it is black"".","""If you draw a random item from the vase, it is _______ that it is red"".","""If you draw a random item from the vase and someone tells you that it is not red, it is _______ that it is black"".","""If you draw a random item from the vase, it is _______ that it is not blue"".","""If you draw a random item from the vase and someone tells you that it is not blue, it is _______ that it is red"".","""If you draw a random item from the vase and someone tells you that it is not black, it is _______ that it is red"".","""If you draw a random item from the vase and someone tells you that it is not black, it is _______ that it is red"".","""If you draw a random item from the vase, it is _______ that it is black"".","""If you draw a random item from the vase and someone tells you that it is not blue, it is _______ that it is black"".","""If you draw a random item from the vase and someone tells you that it is not red, it is _______ that it is blue"".","""If you draw a random item from the vase and someone tells you that it is not red, it is _______ that it is black"".","If you draw a random item from the vase, it is _______ that it will be red."
11/25/2023 14:10:19,Likely,Very Unlikely,Possible,Certain,Possible,Likely,Likely,Very Likely,Very Likely,Possible,Unlikely,Impossible,Likely,Very Unlikely,Possible,Likely,Very unlikely,Possible,Likely,Very Likely,Unlikely,Very unlikely,Possible,Very Likely,Likely,Possible,Very Likely,Unlikely,Likely,Possible,,
11/25/2023 17:02:09,Likely,Very Unlikely,Unlikely,Certain,Very Likely,Very Likely,Possible,Very Likely,Very Likely,Possible,Possible,Impossible,Likely,Possible,Possible,Possible,Very unlikely,Possible,Likely,Likely,Possible,Very unlikely,Possible,Possible,Likely,Possible,Likely,Possible,Possible,Possible,,
11/25/2023 21:37:07,Likely,Very Unlikely,Possible,Certain,Unlikely,Likely,Possible,Very Likely,Very Likely,Possible,Unlikely,Impossible,Very Likely,Very Unlikely,Possible,Likely,Very unlikely,Likely,Likely,Very Likely,Unlikely,Very unlikely,Unlikely,Very Likely,Very Likely,Unlikely,Likely,Unlikely,Possible,Possible,,
11/25/2023 21:43:44,Likely,Very Unlikely,Possible,Certain,Unlikely,Very Likely,Possible,Very Likely,Very Likely,Possible,Unlikely,Impossible,Likely,Unlikely,Unlikely,Likely,Unlikely,Possible,Likely,Very Likely,Unlikely,Very unlikely,Unlikely,Very Likely,Very Likely,Unlikely,Very Likely,Unlikely,Possible,Likely,,
11/25/2023 22:39:29,Likely,Very Unlikely,Unlikely,Certain,Unlikely,Very Likely,Possible,Very Likely,Very Likely,Likely,Very Unlikely,Impossible,Very Likely,Very Unlikely,Unlikely,Likely,Very unlikely,Likely,Very Likely,Very Likely,Possible,Very unlikely,Possible,Very Likely,Likely,Unlikely,Very Likely,Unlikely,Possible,Possible,,
11/25/2023 22:41:40,Likely,Very Unlikely,Unlikely,Certain,Possible,Very Likely,Possible,Very Likely,Very Likely,Possible,Unlikely,Impossible,Likely,Very Unlikely,Possible,Likely,Very unlikely,Possible,Likely,Very Likely,Possible,Very unlikely,Possible,Very Likely,Very Likely,Unlikely,Very Likely,Unlikely,Possible,Very Likely,,
11/26/2023 8:51:43,Likely,Unlikely,Possible,Certain,Unlikely,Likely,Possible,Very Likely,Very Likely,Possible,Very Unlikely,Impossible,Very Likely,Very Unlikely,Unlikely,Likely,Very unlikely,Unlikely,Likely,Very Likely,Unlikely,Very unlikely,Possible,Very Likely,Likely,Possible,Likely,Unlikely,Likely,Possible,Very unlikely,
11/26/2023 13:17:51,Likely,Very Unlikely,Possible,Certain,Unlikely,Very Likely,Possible,Very Likely,Very Likely,Possible,Very Unlikely,Impossible,Very Likely,Very Unlikely,Possible,Likely,Unlikely,Possible,Likely,Very Likely,Unlikely,Unlikely,Possible,Likely,Possible,Possible,Likely,Possible,Possible,Possible,Unlikely,
11/26/2023 13:38:52,Likely,Unlikely,Unlikely,Certain,Possible,Likely,Possible,Very Likely,Very Likely,Possible,Unlikely,Impossible,Likely,Unlikely,Possible,Possible,Unlikely,Possible,Likely,Very Likely,Unlikely,Very unlikely,Possible,Likely,Likely,Unlikely,Likely,Unlikely,Possible,Possible,Unlikely,
11/26/2023 16:09:07,Likely,Very Unlikely,Unlikely,Certain,Unlikely,Very Likely,Possible,Very Likely,Very Likely,Likely,Very Unlikely,Impossible,Very Likely,Very Unlikely,Unlikely,Likely,Unlikely,Possible,Likely,Very Likely,Very unlikely,Very unlikely,Unlikely,Very Likely,Very Likely,Unlikely,Very Likely,Very unlikely,Possible,Possible,Very unlikely,Very Unlikely
11/26/2023 19:49:33,Likely,Very Unlikely,Possible,Certain,Unlikely,Very Likely,Possible,Very Likely,Very Likely,Possible,Unlikely,Impossible,Very Likely,Very Unlikely,Unlikely,Likely,Very unlikely,Likely,Likely,Very Likely,Unlikely,Very unlikely,Unlikely,Likely,Likely,Unlikely,Likely,Unlikely,Likely,Possible,Unlikely,Very Unlikely
11/26/2023 19:53:26,Likely,Very Unlikely,Possible,Certain,Possible,Very Likely,Possible,Very Likely,Very Likely,Possible,Unlikely,Impossible,Very Likely,Very Unlikely,Unlikely,Likely,Very unlikely,Likely,Very Likely,Very Likely,Unlikely,Very unlikely,Possible,Very Likely,Likely,Possible,Very Likely,Unlikely,Possible,Possible,Very unlikely,Very Unlikely
11/26/2023 20:13:13,Possible,Very Unlikely,Unlikely,Certain,Likely,Very Likely,Likely,Very Likely,Very Likely,Likely,Unlikely,Impossible,Likely,Very Unlikely,Likely,Likely,Very unlikely,Likely,Very Likely,Very Likely,Unlikely,Very unlikely,Possible,Likely,Likely,Possible,Likely,Possible,Likely,Likely,Possible,Very Unlikely
11/26/2023 20:34:06,Likely,Very Unlikely,Unlikely,Certain,Possible,Likely,Possible,Very Likely,Very Likely,Possible,Unlikely,Impossible,Likely,Unlikely,Possible,Likely,Unlikely,Possible,Likely,Very Likely,Unlikely,Very unlikely,Possible,Likely,Likely,Possible,Likely,Unlikely,Possible,Possible,Possible,Unlikely
11/27/2023 9:38:36,Likely,Very Unlikely,Possible,Certain,Possible,Likely,Possible,Very Likely,Very Likely,Possible,Possible,Impossible,Very Likely,Very Unlikely,Possible,Likely,Unlikely,Very Likely,Likely,Very Likely,Possible,Unlikely,Likely,Possible,Very Likely,Possible,Possible,Possible,Possible,Likely,Unlikely,Possible
11/27/2023 17:33:53,Very Likely,Very Unlikely,Unlikely,Certain,Possible,Likely,Possible,Very Likely,Very Likely,Possible,Unlikely,Impossible,Very Likely,Very Unlikely,Unlikely,Very Likely,Very unlikely,Possible,Very Likely,Very Likely,Very unlikely,Very unlikely,Possible,Very Likely,Very Likely,Possible,Very Likely,Possible,Possible,Very Likely,Very unlikely,Unlikely
11/27/2023 19:08:01,Likely,Very Unlikely,Possible,Certain,Possible,Likely,Possible,Very Likely,Very Likely,Possible,Unlikely,Impossible,Likely,Unlikely,Possible,Likely,Very unlikely,Possible,Likely,Very Likely,Possible,Very unlikely,Possible,Very Likely,Very Likely,Possible,Very Likely,Unlikely,Possible,Possible,Possible,Unlikely
11/27/2023 19:29:54,Very Likely,Very Unlikely,Unlikely,Certain,Very Unlikely,Very Likely,Unlikely,Very Likely,Very Likely,Possible,Unlikely,Impossible,Very Likely,Very Unlikely,Possible,Possible,Unlikely,Possible,Likely,Very Likely,Unlikely,Very unlikely,Possible,Likely,Likely,Unlikely,Likely,Unlikely,Possible,Possible,Unlikely,Very Unlikely
11/27/2023 20:22:54,Likely,Unlikely,Possible,Certain,Possible,Likely,Possible,Very Likely,Very Likely,Possible,Unlikely,Impossible,Very Likely,Unlikely,Possible,Likely,Very unlikely,Possible,Likely,Very Likely,Unlikely,Very unlikely,Possible,Likely,Likely,Possible,Likely,Possible,Possible,Possible,Unlikely,Unlikely
11/27/2023 21:01:01,Likely,Unlikely,Possible,Certain,Unlikely,Likely,Possible,Very Likely,Very Likely,Possible,Unlikely,Impossible,Likely,Very Unlikely,Possible,Possible,Very unlikely,Possible,Likely,Very Likely,Unlikely,Very unlikely,Possible,Very Likely,Very Likely,Unlikely,Very Likely,Unlikely,Possible,Possible,Unlikely,Unlikely
11/27/2023 23:24:14,Very Likely,Very Unlikely,Unlikely,Certain,Unlikely,Very Likely,Possible,Very Likely,Very Likely,Possible,Unlikely,Impossible,Very Likely,Very Unlikely,Possible,Likely,Very unlikely,Possible,Likely,Very Likely,Possible,Very unlikely,Possible,Very Likely,Likely,Possible,Very Likely,Unlikely,Possible,Possible,Unlikely,Very Unlikely
11/28/2023 16:04:27,Likely,Very Unlikely,Possible,Certain,Unlikely,Likely,Possible,Very Likely,Very Likely,Possible,Unlikely,Impossible,Very Likely,Very Unlikely,Unlikely,Likely,Very unlikely,Likely,Likely,Very Likely,Unlikely,Very unlikely,Unlikely,Very Likely,Likely,Unlikely,Likely,Unlikely,Likely,Likely,Unlikely,Unlikely
11/28/2023 16:48:51,Likely,Unlikely,Possible,Certain,Possible,Likely,Possible,Very Likely,Very Likely,Possible,Very Unlikely,Impossible,Possible,Very Unlikely,Possible,Possible,Very unlikely,Possible,Very Likely,Very Likely,Very unlikely,Very unlikely,Possible,Likely,Likely,Unlikely,Likely,Possible,Possible,Possible,Unlikely,Very Unlikely
11/29/2023 20:17:00,Likely,Unlikely,Possible,Certain,Possible,Likely,Possible,Likely,Very Likely,Possible,Unlikely,Impossible,Likely,Unlikely,Possible,Possible,Unlikely,Possible,Possible,Very Likely,Unlikely,Very unlikely,Possible,Likely,Likely,Possible,Likely,Possible,Possible,Possible,Unlikely,Possible
11/30/2023 14:14:26,Likely,Very Unlikely,Unlikely,Certain,Possible,Very Likely,Possible,Very Likely,Very Likely,Possible,Unlikely,Impossible,Likely,Unlikely,Possible,Likely,Unlikely,Possible,Likely,Very Likely,Unlikely,Very unlikely,Possible,Likely,Likely,Unlikely,Likely,Possible,Possible,Possible,Unlikely,Unlikely
11/30/2023 14:24:03,Likely,Very Unlikely,Possible,Certain,Unlikely,Very Likely,Possible,Very Likely,Very Likely,Possible,Unlikely,Impossible,Likely,Very Unlikely,Possible,Likely,Very unlikely,Possible,Likely,Very Likely,Unlikely,Very unlikely,Unlikely,Very Likely,Likely,Possible,Likely,Unlikely,Possible,Possible,Unlikely,Very Unlikely